create sequence hibernate_sequence;

ALTER SEQUENCE hibernate_sequence RESTART WITH 99999;

create table games
(
    id bigint not null
        constraint games_pkey
        primary key,
    played boolean
);

create table players
(
    id bigint not null
        constraint players_pkey
        primary key,
    first_name varchar(255),
    last_name varchar(255)
);

create table teams
(
    id bigint not null
        constraint teams_pkey
        primary key
);

create table games_teams
(
    games_id bigint not null
        constraint fkkbkhl9i4w27923bpjof8uo28m
        references games,
    teams_id bigint not null
        constraint fkc4mcfhj6chbmw1vvvpts7p9qt
        references teams
);

create table scores
(
    id bigint not null
        constraint scores_pkey
        primary key,
    active boolean,
    score integer,
    win boolean,
    team_id bigint
        constraint fkq26hcdvqbrwf3b153eyywesu1
        references teams
);

create table games_scores
(
    games_id bigint not null
        constraint fkamj82qlfawteakpe2008w1rb9
        references games,
    scores_id bigint not null
        constraint uk_6fv58n2jnbqddtpyxc9lvhhro
        unique
        constraint fkdw7vnl0db2qma3qpsvxw16tgi
        references scores
);

create table teams_players
(
    team_id bigint not null
        constraint fkplpi00gxrp7xx6jhpeolx4ek1
        references teams,
    players_id bigint not null
        constraint fkic8mysm1vaupst5gfnw711cr3
        references players
);

INSERT INTO players (id, first_name, last_name) VALUES
(51, 'Owl', 'Baboon'),
(52, 'Platypus', 'Kangaroo'),
(53, 'Ibis', 'Koala'),
(54, 'Orca', 'Yak'),
(55, 'Salmon', 'Deer'),
(56, 'Impala', 'Lynx'),
(57, 'Badger', 'Rabbit'),
(58, 'Viper', 'Kongoni'),
(59, 'Adouri', 'Beaver'),
(60, 'Ibis', 'Puma'),
(61, 'Ibex', 'Mara'),
(62, 'Dingo', 'Urial'),
(63, 'Raven', 'Tayra'),
(64, 'Isoodon', 'Kori');
INSERT INTO teams (id) VALUES (1),(2),(3),(4),(5),(6),(7),(8),(9),(10),(11),(12),(13),(14),(15),(16),(17),(18),(19),(20),(21),(22),(23),(24),(25),(26),(27),(28),(29),(30),(31),(32),(33),(34),(35),(36),(37),(38),(39),(40),(41),(42),(43),(44),(45),(46),(47),(48),(49),(50),(51),(52),(53),(54),(55),(56),(57),(58),(59),(60),(61),(62),(63),(64),(65),(66),(67),(68),(69),(70),(71),(72),(73),(74),(75),(76),(77),(78),(79),(80),(81),(82),(83),(84),(85),(86),(87),(88),(89),(90),(91);
INSERT INTO teams_players (team_id, players_id) VALUES (1, 51),(1, 52),(2, 51),(2, 53),(3, 51),(3, 54),(4, 51),(4, 55),(5, 51),(5, 56),(6, 51),(6, 57),(7, 51),(7, 58),(8, 51),(8, 59),(9, 51),(9, 60),(10, 51),(10, 61),(11, 51),(11, 62),(12, 51),(12, 63),(13, 51),(13, 64),(14, 52),(14, 53),(15, 52),(15, 54),(16, 52),(16, 55),(17, 52),(17, 56),(18, 52),(18, 57),(19, 52),(19, 58),(20, 52),(20, 59),(21, 52),(21, 60),(22, 52),(22, 61),(23, 52),(23, 62),(24, 52),(24, 63),(25, 52),(25, 64),(26, 53),(26, 54),(27, 53),(27, 55),(28, 53),(28, 56),(29, 53),(29, 57),(30, 53),(30, 58),(31, 53),(31, 59),(32, 53),(32, 60),(33, 53),(33, 61),(34, 53),(34, 62),(35, 53),(35, 63),(36, 53),(36, 64),(37, 54),(37, 55),(38, 54),(38, 56),(39, 54),(39, 57),(40, 54),(40, 58),(41, 54),(41, 59),(42, 54),(42, 60),(43, 54),(43, 61),(44, 54),(44, 62),(45, 54),(45, 63),(46, 54),(46, 64),(47, 55),(47, 56),(48, 55),(48, 57),(49, 55),(49, 58),(50, 55),(50, 59),(51, 55),(51, 60),(52, 55),(52, 61),(53, 55),(53, 62),(54, 55),(54, 63),(55, 55),(55, 64),(56, 56),(56, 57),(57, 56),(57, 58),(58, 56),(58, 59),(59, 56),(59, 60),(60, 56),(60, 61),(61, 56),(61, 62),(62, 56),(62, 63),(63, 56),(63, 64),(64, 57),(64, 58),(65, 57),(65, 59),(66, 57),(66, 60),(67, 57),(67, 61),(68, 57),(68, 62),(69, 57),(69, 63),(70, 57),(70, 64),(71, 58),(71, 59),(72, 58),(72, 60),(73, 58),(73, 61),(74, 58),(74, 62),(75, 58),(75, 63),(76, 58),(76, 64),(77, 59),(77, 60),(78, 59),(78, 61),(79, 59),(79, 62),(80, 59),(80, 63),(81, 59),(81, 64),(82, 60),(82, 61),(83, 60),(83, 62),(84, 60),(84, 63),(85, 60),(85, 64),(86, 61),(86, 62),(87, 61),(87, 63),(88, 61),(88, 64),(89, 62),(89, 63),(90, 62),(90, 64),(91, 63),(91, 64);
INSERT INTO scores (id, active, score, win, team_id) VALUES (93, true, 5, true, 30),(94, true, 3, false, 37),(96, true, 3, false, 56),(97, true, 5, true, 76),(99, true, 5, true, 26),(100, true, 1, false, 54),(102, true, 5, true, 57),(103, true, 3, false, 66),(105, true, 3, false, 1),(106, true, 5, true, 55),(108, true, 5, true, 32),(109, true, 1, false, 44),(111, true, 2, false, 21),(112, true, 5, true, 35),(114, true, 5, true, 3),(115, true, 2, false, 48),(117, true, 5, true, 59),(118, true, 3, false, 90),(120, true, 1, false, 12),(121, true, 5, true, 14),(123, true, 5, true, 42),(124, true, 3, false, 47),(126, true, 3, false, 7),(127, true, 5, true, 85),(129, true, 4, false, 36),(130, true, 5, true, 72),(132, true, 2, false, 1),(133, true, 5, true, 30),(135, true, 5, true, 26),(136, true, 2, false, 55),(138, true, 0, false, 1),(139, true, 5, true, 64),(141, true, 1, false, 37),(142, true, 5, true, 61),(144, true, 1, false, 7),(145, true, 5, true, 14),(147, true, 3, false, 53),(148, true, 5, true, 59),(150, true, 0, false, 40),(151, true, 5, true, 70),(153, true, 4, false, 21),(154, true, 5, true, 27),(156, true, 5, true, 57),(157, true, 1, false, 68),(159, true, 3, false, 46),(160, true, 5, true, 51),(162, true, 3, false, 21),(163, true, 5, true, 28),(165, true, 5, true, 25),(166, true, 1, false, 39),(168, true, 1, false, 18),(169, true, 5, true, 59),(171, true, 5, true, 2),(172, true, 3, false, 20),(174, true, 1, false, 44),(175, true, 5, true, 56),(177, true, 5, true, 71),(178, true, 2, false, 91),(180, true, 5, true, 11),(181, true, 1, false, 17),(183, true, 0, false, 45),(184, true, 5, true, 49),(186, true, 4, false, 70),(187, true, 5, true, 75),(189, true, 0, false, 8),(190, true, 5, true, 83),(192, true, 1, false, 41),(193, true, 5, true, 55),(195, true, 4, false, 6),(196, true, 5, true, 28),(198, true, 5, true, 21),(199, true, 4, false, 53),(201, true, 5, true, 32),(202, true, 0, false, 39),(204, true, 4, false, 13),(205, true, 5, true, 20),(207, true, 3, false, 69),(208, true, 5, true, 79),(210, true, 5, true, 30),(211, true, 3, false, 85),(213, true, 5, true, 16),(214, true, 4, false, 80),(216, true, 5, true, 34),(217, true, 3, false, 63),(219, true, 5, true, 6),(220, true, 3, false, 84),(222, true, 5, true, 27),(223, true, 3, false, 79),(225, true, 4, false, 12),(226, true, 5, true, 70),(228, true, 4, false, 61),(229, true, 5, true, 71),(231, true, 0, false, 1),(232, true, 5, true, 31),(234, true, 2, false, 11),(235, true, 5, true, 59),(237, true, 5, true, 21),(238, true, 1, false, 89),(240, true, 3, false, 27),(241, true, 5, true, 65),(243, true, 2, false, 35),(244, true, 5, true, 50),(246, true, 1, false, 19),(247, true, 5, true, 50),(249, true, 0, false, 16),(250, true, 5, true, 71),(252, true, 3, false, 26),(253, true, 5, true, 59),(255, true, 5, true, 5),(256, true, 3, false, 52),(258, true, 3, false, 13),(259, true, 5, true, 75),(261, true, 0, false, 47),(262, true, 5, true, 76),(264, true, 3, false, 22),(265, true, 5, true, 50),(267, true, 5, true, 51),(268, true, 3, false, 87),(270, true, 5, true, 55),(271, true, 0, false, 39),(273, true, 5, true, 5),(274, true, 4, false, 14),(276, true, 1, false, 23),(277, true, 5, true, 31),(279, true, 5, true, 3),(280, true, 4, false, 49),(282, true, 5, true, 50),(283, true, 3, false, 56),(285, true, 5, true, 27),(286, true, 2, false, 88),(288, true, 5, true, 49),(289, true, 3, false, 67),(291, true, 5, true, 48),(292, true, 0, false, 73),(294, true, 5, true, 27),(295, true, 0, false, 58),(297, true, 5, true, 51),(298, true, 2, false, 88),(300, true, 2, false, 47),(301, true, 5, true, 70),(303, true, 2, false, 33),(304, true, 5, true, 48),(306, true, 5, true, 47),(307, true, 1, false, 72),(309, true, 5, true, 33),(310, true, 2, false, 37),(312, true, 5, true, 6),(313, true, 2, false, 74),(315, true, 5, true, 4),(316, true, 3, false, 18),(318, true, 2, false, 25),(319, true, 5, true, 29),(321, true, 5, true, 28),(322, true, 4, false, 51),(324, true, 3, false, 16),(325, true, 5, true, 31),(327, true, 5, true, 29),(328, true, 1, false, 37),(330, true, 5, true, 50),(331, true, 2, false, 73),(333, true, 3, false, 5),(334, true, 5, true, 53),(336, true, 1, false, 18),(337, true, 5, true, 27),(339, true, 5, true, 12),(340, true, 3, false, 49),(342, true, 5, true, 10),(343, true, 4, false, 54),(345, true, 4, false, 46),(346, true, 5, true, 50),(348, true, 0, false, 38),(349, true, 5, true, 48),(351, true, 5, true, 50),(352, true, 3, false, 62),(354, true, 5, true, 58),(355, true, 2, false, 76),(357, true, 1, false, 38),(358, true, 5, true, 52),(360, true, 1, false, 41),(361, true, 5, true, 52),(363, true, 5, true, 27),(364, true, 1, false, 59),(366, true, 5, true, 16),(367, true, 1, false, 69),(369, true, 5, true, 48),(370, true, 0, false, 61),(372, true, 0, false, 25),(373, true, 5, true, 50),(375, true, 3, false, 36),(376, true, 5, true, 53),(378, true, 0, false, 44),(379, true, 5, true, 51),(381, true, 5, true, 47),(382, true, 2, false, 81),(384, true, 5, true, 52),(385, true, 3, false, 84),(387, true, 3, false, 53),(388, true, 5, true, 80),(390, true, 2, false, 15),(391, true, 5, true, 51),(393, false, -1, false, 4),(394, false, -1, false, 60),(396, true, 5, true, 13),(397, true, 4, false, 52),(399, true, 5, true, 9),(400, true, 4, false, 52),(402, true, 5, true, 8),(403, true, 2, false, 16),(405, true, 5, true, 19),(406, true, 3, false, 53),(408, true, 5, true, 4),(409, true, 2, false, 91),(411, true, 2, false, 37),(412, true, 5, true, 84),(414, true, 5, true, 4),(415, true, 1, false, 38),(417, true, 2, false, 42),(418, true, 5, true, 54),(420, true, 3, false, 13),(421, true, 5, true, 49),(423, true, 1, false, 22),(424, true, 5, true, 55),(426, true, 1, false, 24),(427, true, 5, true, 51),(429, true, 5, true, 18),(430, true, 1, false, 52),(432, true, 5, true, 29),(433, true, 0, false, 49),(435, true, 5, true, 16),(436, true, 3, false, 26),(438, false, -1, false, 15),(439, false, -1, false, 47),(441, true, 1, false, 51),(442, true, 5, true, 80),(444, true, 5, true, 47),(445, true, 1, false, 87),(447, true, 5, true, 4),(448, true, 3, false, 67),(450, true, 2, false, 45),(451, true, 5, true, 53),(453, true, 1, false, 10),(454, true, 5, true, 49),(456, true, 5, true, 13),(457, true, 2, false, 53),(459, false, -1, false, 17),(460, false, -1, false, 52),(462, true, 3, false, 18),(463, true, 5, true, 55),(465, true, 3, false, 4),(466, true, 5, true, 26),(468, true, 4, false, 41),(469, true, 5, true, 54),(471, true, 5, true, 54),(472, true, 0, false, 57),(474, true, 5, true, 54),(475, true, 3, false, 58),(477, true, 3, false, 24),(478, true, 5, true, 48),(480, true, 3, false, 23),(481, true, 5, true, 80),(483, true, 3, false, 45),(484, true, 5, true, 56),(486, true, 1, false, 4),(487, true, 5, true, 33),(489, true, 5, true, 18),(490, true, 0, false, 47),(492, true, 5, true, 4),(493, true, 3, false, 69),(495, true, 3, false, 20),(496, true, 5, true, 27),(498, true, 5, true, 16),(499, true, 4, false, 81),(501, true, 5, true, 1),(502, true, 4, false, 82),(504, true, 2, false, 22),(505, true, 5, true, 70),(507, true, 1, false, 65),(508, true, 5, true, 75),(510, true, 5, true, 76),(511, true, 3, false, 83),(513, true, 1, false, 45),(514, true, 5, true, 64),(516, true, 0, false, 54),(517, true, 5, true, 63),(519, true, 5, true, 56),(520, true, 2, false, 87),(522, true, 5, true, 11),(523, true, 4, false, 32),(525, true, 4, false, 9),(526, true, 5, true, 29),(528, false, -1, false, 9),(529, false, -1, false, 89),(531, false, -1, false, 3),(532, false, -1, false, 23),(534, false, -1, false, 1),(535, false, -1, false, 59),(537, true, 2, false, 17),(538, true, 5, true, 85),(540, true, 0, false, 44),(541, true, 5, true, 48),(543, true, 5, true, 5),(544, true, 2, false, 15),(546, true, 5, true, 55),(547, true, 3, false, 89),(549, true, 4, false, 24),(550, true, 5, true, 39),(552, false, -1, false, 24),(553, false, -1, false, 28),(555, false, -1, false, 9),(556, false, -1, false, 58),(558, true, 5, true, 81),(559, true, 3, false, 82),(561, false, -1, false, 5),(562, false, -1, false, 77),(564, true, 5, true, 57),(565, true, 3, false, 88),(567, true, 1, false, 22),(568, true, 5, true, 39),(570, true, 4, false, 15),(571, true, 5, true, 34),(573, true, 5, true, 8),(574, true, 2, false, 67),(576, true, 5, true, 49),(577, true, 0, false, 62),(579, true, 5, true, 70),(580, true, 0, false, 89),(582, true, 4, false, 13),(583, true, 5, true, 84),(585, true, 5, true, 8),(586, true, 4, false, 76),(588, true, 3, false, 26),(589, true, 5, true, 80),(591, false, -1, false, 15),(592, false, -1, false, 78),(594, true, 3, false, 42),(595, true, 5, true, 48),(597, true, 4, false, 21),(598, true, 5, true, 36),(600, false, -1, false, 14),(601, false, -1, false, 60),(603, true, 2, false, 86),(604, true, 5, true, 91),(606, false, -1, false, 3),(607, false, -1, false, 90),(609, false, -1, false, 74),(610, false, -1, false, 80),(612, true, 3, false, 8),(613, true, 5, true, 64),(615, true, 5, true, 8),(616, true, 0, false, 82),(618, false, -1, false, 58),(619, false, -1, false, 75),(621, true, 5, true, 8),(622, true, 2, false, 74),(624, false, -1, false, 7),(625, false, -1, false, 81),(627, false, -1, false, 12),(628, false, -1, false, 40),(630, false, -1, false, 12),(631, false, -1, false, 83),(633, true, 2, false, 15),(634, true, 5, true, 65),(636, true, 5, true, 30),(637, true, 2, false, 46),(639, true, 5, true, 19),(640, true, 2, false, 35),(642, false, -1, false, 62),(643, false, -1, false, 79),(645, false, -1, false, 17),(646, false, -1, false, 87),(648, false, -1, false, 67),(649, false, -1, false, 89),(651, false, -1, false, 18),(652, false, -1, false, 91),(654, true, 5, true, 2),(655, true, 1, false, 81),(657, true, 3, false, 24),(658, true, 5, true, 65),(660, true, 3, false, 11),(661, true, 5, true, 78),(663, false, -1, false, 11),(664, false, -1, false, 71),(666, false, -1, false, 15),(667, false, -1, false, 83),(669, true, 2, false, 10),(670, true, 5, true, 36),(672, false, -1, false, 3),(673, false, -1, false, 86),(675, false, -1, false, 2),(676, false, -1, false, 45),(678, true, 1, false, 19),(679, true, 5, true, 42),(681, true, 5, true, 36),(682, true, 4, false, 45),(684, true, 3, false, 69),(685, true, 5, true, 76),(687, true, 0, false, 17),(688, true, 5, true, 72),(690, true, 2, false, 19),(691, true, 5, true, 85),(693, false, -1, false, 2),(694, false, -1, false, 43),(696, true, 3, false, 30),(697, true, 5, true, 77),(699, false, -1, false, 12),(700, false, -1, false, 79),(702, true, 5, true, 2),(703, true, 2, false, 41),(705, true, 1, false, 54),(706, true, 5, true, 74),(708, true, 5, true, 10),(709, true, 3, false, 56),(711, true, 2, false, 8),(712, true, 5, true, 30),(714, false, -1, false, 63),(715, false, -1, false, 82),(717, false, -1, false, 28),(718, false, -1, false, 74),(720, true, 1, false, 40),(721, true, 5, true, 88),(723, true, 5, true, 33),(724, true, 3, false, 39),(726, true, 5, true, 57),(727, true, 4, false, 85),(729, true, 5, true, 58),(730, true, 0, false, 90),(732, true, 0, false, 68),(733, true, 5, true, 81),(735, true, 1, false, 5),(736, true, 5, true, 66),(738, true, 1, false, 68),(739, true, 5, true, 80),(741, true, 5, true, 25),(742, true, 1, false, 62),(744, true, 5, true, 71),(745, true, 2, false, 86),(747, false, -1, false, 11),(748, false, -1, false, 38),(750, false, -1, false, 30),(751, false, -1, false, 61),(753, true, 5, true, 33),(754, true, 1, false, 91),(756, true, 3, false, 55),(757, true, 5, true, 77),(759, false, -1, false, 44),(760, false, -1, false, 62),(762, true, 1, false, 40),(763, true, 5, true, 77),(765, false, -1, false, 24),(766, false, -1, false, 90),(768, true, 5, true, 35),(769, true, 2, false, 46),(771, true, 5, true, 29),(772, true, 0, false, 63),(774, true, 1, false, 40),(775, true, 5, true, 65),(777, false, -1, false, 81),(778, false, -1, false, 84),(780, false, -1, false, 43),(781, false, -1, false, 77),(783, false, -1, false, 3),(784, false, -1, false, 34),(786, true, 4, false, 63),(787, true, 5, true, 78),(789, true, 2, false, 68),(790, true, 5, true, 91),(792, true, 5, true, 39),(793, true, 2, false, 73),(795, true, 5, true, 30),(796, true, 0, false, 42),(798, true, 4, false, 46),(799, true, 5, true, 72),(801, true, 5, true, 34),(802, true, 4, false, 72),(804, true, 2, false, 36),(805, true, 5, true, 67),(807, true, 4, false, 35),(808, true, 5, true, 90),(810, false, -1, false, 66),(811, false, -1, false, 86),(813, true, 2, false, 40),(814, true, 5, true, 90),(816, true, 2, false, 26),(817, true, 5, true, 77),(819, false, -1, false, 2),(820, false, -1, false, 78),(822, true, 5, true, 31),(823, true, 3, false, 82),(825, false, -1, false, 21),(826, false, -1, false, 39),(828, true, 0, false, 12),(829, true, 5, true, 37),(831, true, 0, false, 20),(832, true, 5, true, 32),(834, true, 2, false, 25),(835, true, 5, true, 71),(837, false, -1, false, 31),(838, false, -1, false, 84),(840, false, -1, false, 43),(841, false, -1, false, 69),(843, false, -1, false, 63),(844, false, -1, false, 75),(846, false, -1, false, 6),(847, false, -1, false, 22),(849, true, 1, false, 61),(850, true, 5, true, 76),(852, true, 5, true, 46),(853, true, 3, false, 65),(855, false, -1, false, 57),(856, false, -1, false, 83),(858, true, 5, true, 16),(859, true, 4, false, 29),(861, true, 2, false, 11),(862, true, 5, true, 64),(864, false, -1, false, 63),(865, false, -1, false, 83),(867, false, -1, false, 3),(868, false, -1, false, 61),(870, true, 2, false, 67),(871, true, 5, true, 85),(873, false, -1, false, 5),(874, false, -1, false, 43),(876, true, 5, true, 25),(877, true, 0, false, 67),(879, false, -1, false, 34),(880, false, -1, false, 73),(882, true, 5, true, 35),(883, true, 4, false, 83),(885, false, -1, false, 20),(886, false, -1, false, 43),(888, false, -1, false, 42),(889, false, -1, false, 69),(891, false, -1, false, 33),(892, false, -1, false, 66),(894, true, 4, false, 37),(895, true, 5, true, 90),(897, false, -1, false, 31),(898, false, -1, false, 42),(900, false, -1, false, 60),(901, false, -1, false, 84),(903, false, -1, false, 20),(904, false, -1, false, 38),(906, false, -1, false, 63),(907, false, -1, false, 86),(909, true, 1, false, 12),(910, true, 5, true, 74),(912, true, 5, true, 19),(913, true, 1, false, 43),(915, true, 1, false, 71),(916, true, 5, true, 85),(918, false, -1, false, 57),(919, false, -1, false, 82),(921, true, 5, true, 9),(922, true, 1, false, 14),(924, true, 5, true, 25),(925, true, 2, false, 89),(927, false, -1, false, 58),(928, false, -1, false, 86),(930, true, 1, false, 23),(931, true, 5, true, 73),(933, true, 3, false, 21),(934, true, 5, true, 73),(936, true, 5, true, 31),(937, true, 1, false, 75),(939, false, -1, false, 22),(940, false, -1, false, 41),(942, false, -1, false, 34),(943, false, -1, false, 91),(945, false, -1, false, 45),(946, false, -1, false, 78),(948, true, 5, true, 1),(949, true, 0, false, 83),(951, true, 5, true, 33),(952, true, 2, false, 72),(954, true, 5, true, 2),(955, true, 1, false, 87),(957, false, -1, false, 23),(958, false, -1, false, 35),(960, false, -1, false, 22),(961, false, -1, false, 28),(963, true, 5, true, 28),(964, true, 4, false, 70),(966, false, -1, false, 29),(967, false, -1, false, 82),(969, false, -1, false, 78),(970, false, -1, false, 84),(972, true, 5, true, 31),(973, true, 2, false, 37),(975, false, -1, false, 6),(976, false, -1, false, 23),(978, false, -1, false, 43),(979, false, -1, false, 62),(981, true, 3, false, 7),(982, true, 5, true, 66),(984, true, 5, true, 23),(985, true, 4, false, 78),(987, false, -1, false, 44),(988, false, -1, false, 65),(990, true, 4, false, 41),(991, true, 5, true, 66),(993, false, -1, false, 29),(994, false, -1, false, 88),(996, false, -1, false, 3),(997, false, -1, false, 66),(999, false, -1, false, 17),(1000, false, -1, false, 91),(1002, false, -1, false, 10),(1003, false, -1, false, 38),(1005, false, -1, false, 32),(1006, false, -1, false, 38),(1008, true, 5, true, 36),(1009, true, 4, false, 66),(1011, false, -1, false, 9),(1012, false, -1, false, 22),(1014, true, 3, false, 13),(1015, true, 5, true, 64),(1017, false, -1, false, 46),(1018, false, -1, false, 80),(1020, false, -1, false, 73),(1021, false, -1, false, 79),(1023, false, -1, false, 14),(1024, false, -1, false, 44),(1026, false, -1, false, 46),(1027, false, -1, false, 69),(1029, false, -1, false, 10),(1030, false, -1, false, 68),(1032, false, -1, false, 7),(1033, false, -1, false, 69),(1035, true, 4, false, 79),(1036, true, 5, true, 88),(1038, true, 3, false, 1),(1039, true, 5, true, 79),(1041, true, 0, false, 56),(1042, true, 5, true, 77),(1044, true, 3, false, 59),(1045, true, 5, true, 64),(1047, false, -1, false, 60),(1048, false, -1, false, 74),(1050, false, -1, false, 40),(1051, false, -1, false, 86),(1053, false, -1, false, 68),(1054, false, -1, false, 87),(1056, false, -1, false, 11),(1057, false, -1, false, 62),(1059, true, 5, true, 28),(1060, true, 4, false, 87),(1062, false, -1, false, 9),(1063, false, -1, false, 23),(1065, false, -1, false, 10),(1066, false, -1, false, 41),(1068, false, -1, false, 20),(1069, false, -1, false, 64),(1071, true, 5, true, 13),(1072, true, 1, false, 61),(1074, true, 2, false, 60),(1075, true, 5, true, 65),(1077, false, -1, false, 43),(1078, false, -1, false, 75),(1080, false, -1, false, 19),(1081, false, -1, false, 60),(1083, false, -1, false, 61),(1084, false, -1, false, 77),(1086, false, -1, false, 26),(1087, false, -1, false, 67),(1089, false, -1, false, 15),(1090, false, -1, false, 88),(1092, false, -1, false, 56),(1093, false, -1, false, 86),(1095, true, 5, true, 14),(1096, true, 4, false, 78),(1098, false, -1, false, 10),(1099, false, -1, false, 72),(1101, false, -1, false, 2),(1102, false, -1, false, 44),(1104, false, -1, false, 35),(1105, false, -1, false, 58),(1107, true, 5, true, 42),(1108, true, 2, false, 57),(1110, true, 4, false, 34),(1111, true, 5, true, 71),(1113, false, -1, false, 17),(1114, false, -1, false, 90),(1116, false, -1, false, 32),(1117, false, -1, false, 68),(1119, false, -1, false, 6),(1120, false, -1, false, 20),(1122, false, -1, false, 7),(1123, false, -1, false, 68),(1125, false, -1, false, 7),(1126, false, -1, false, 24),(1128, false, -1, false, 6),(1129, false, -1, false, 38),(1131, false, -1, false, 34),(1132, false, -1, false, 45),(1134, false, -1, false, 18),(1135, false, -1, false, 75),(1137, true, 1, false, 17),(1138, true, 5, true, 64),(1140, true, 0, false, 24),(1141, true, 5, true, 70),(1143, true, 5, true, 36),(1144, true, 3, false, 60),(1146, false, -1, false, 5),(1147, false, -1, false, 25),(1149, false, -1, false, 6),(1150, false, -1, false, 72),(1152, false, -1, false, 74),(1153, false, -1, false, 81),(1155, true, 5, true, 14),(1156, true, 4, false, 73),(1158, true, 1, false, 40),(1159, true, 5, true, 85),(1161, false, -1, false, 62),(1162, false, -1, false, 76),(1164, false, -1, false, 32),(1165, false, -1, false, 87),(1167, false, -1, false, 7),(1168, false, -1, false, 82),(1170, false, -1, false, 33),(1171, false, -1, false, 79),(1173, false, -1, false, 60),(1174, false, -1, false, 89),(1176, false, -1, false, 32),(1177, false, -1, false, 89),(1179, false, -1, false, 19),(1180, false, -1, false, 88),(1182, false, -1, false, 9),(1183, false, -1, false, 41);
INSERT INTO games (id, played) VALUES (92, true),(95, true),(98, true),(101, true),(104, true),(107, true),(110, true),(113, true),(116, true),(119, true),(122, true),(125, true),(128, true),(131, true),(134, true),(137, true),(140, true),(143, true),(146, true),(149, true),(152, true),(155, true),(158, true),(161, true),(164, true),(167, true),(170, true),(173, true),(176, true),(179, true),(182, true),(185, true),(188, true),(191, true),(194, true),(197, true),(200, true),(203, true),(206, true),(209, true),(212, true),(215, true),(218, true),(221, true),(224, true),(227, true),(230, true),(233, true),(236, true),(239, true),(242, true),(245, true),(248, true),(251, true),(254, true),(257, true),(260, true),(263, true),(266, true),(269, true),(272, true),(275, true),(278, true),(281, true),(284, true),(287, true),(290, true),(293, true),(296, true),(299, true),(302, true),(305, true),(308, true),(311, true),(314, true),(317, true),(320, true),(323, true),(326, true),(329, true),(332, true),(335, true),(338, true),(341, true),(344, true),(347, true),(350, true),(353, true),(356, true),(359, true),(362, true),(365, true),(368, true),(371, true),(374, true),(377, true),(380, true),(383, true),(386, true),(389, true),(392, false),(395, true),(398, true),(401, true),(404, true),(407, true),(410, true),(413, true),(416, true),(419, true),(422, true),(425, true),(428, true),(431, true),(434, true),(437, false),(440, true),(443, true),(446, true),(449, true),(452, true),(455, true),(458, false),(461, true),(464, true),(467, true),(470, true),(473, true),(476, true),(479, true),(482, true),(485, true),(488, true),(491, true),(494, true),(497, true),(500, true),(503, true),(506, true),(509, true),(512, true),(515, true),(518, true),(521, true),(524, true),(527, false),(530, false),(533, false),(536, true),(539, true),(542, true),(545, true),(548, true),(551, false),(554, false),(557, true),(560, false),(563, true),(566, true),(569, true),(572, true),(575, true),(578, true),(581, true),(584, true),(587, true),(590, false),(593, true),(596, true),(599, false),(602, true),(605, false),(608, false),(611, true),(614, true),(617, false),(620, true),(623, false),(626, false),(629, false),(632, true),(635, true),(638, true),(641, false),(644, false),(647, false),(650, false),(653, true),(656, true),(659, true),(662, false),(665, false),(668, true),(671, false),(674, false),(677, true),(680, true),(683, true),(686, true),(689, true),(692, false),(695, true),(698, false),(701, true),(704, true),(707, true),(710, true),(713, false),(716, false),(719, true),(722, true),(725, true),(728, true),(731, true),(734, true),(737, true),(740, true),(743, true),(746, false),(749, false),(752, true),(755, true),(758, false),(761, true),(764, false),(767, true),(770, true),(773, true),(776, false),(779, false),(782, false),(785, true),(788, true),(791, true),(794, true),(797, true),(800, true),(803, true),(806, true),(809, false),(812, true),(815, true),(818, false),(821, true),(824, false),(827, true),(830, true),(833, true),(836, false),(839, false),(842, false),(845, false),(848, true),(851, true),(854, false),(857, true),(860, true),(863, false),(866, false),(869, true),(872, false),(875, true),(878, false),(881, true),(884, false),(887, false),(890, false),(893, true),(896, false),(899, false),(902, false),(905, false),(908, true),(911, true),(914, true),(917, false),(920, true),(923, true),(926, false),(929, true),(932, true),(935, true),(938, false),(941, false),(944, false),(947, true),(950, true),(953, true),(956, false),(959, false),(962, true),(965, false),(968, false),(971, true),(974, false),(977, false),(980, true),(983, true),(986, false),(989, true),(992, false),(995, false),(998, false),(1001, false),(1004, false),(1007, true),(1010, false),(1013, true),(1016, false),(1019, false),(1022, false),(1025, false),(1028, false),(1031, false),(1034, true),(1037, true),(1040, true),(1043, true),(1046, false),(1049, false),(1052, false),(1055, false),(1058, true),(1061, false),(1064, false),(1067, false),(1070, true),(1073, true),(1076, false),(1079, false),(1082, false),(1085, false),(1088, false),(1091, false),(1094, true),(1097, false),(1100, false),(1103, false),(1106, true),(1109, true),(1112, false),(1115, false),(1118, false),(1121, false),(1124, false),(1127, false),(1130, false),(1133, false),(1136, true),(1139, true),(1142, true),(1145, false),(1148, false),(1151, false),(1154, true),(1157, true),(1160, false),(1163, false),(1166, false),(1169, false),(1172, false),(1175, false),(1178, false),(1181, false);
INSERT INTO games_teams (games_id, teams_id) VALUES (92, 30),(92, 37),(95, 56),(95, 76),(98, 26),(98, 54),(101, 57),(101, 66),(104, 1),(104, 55),(107, 32),(107, 44),(110, 21),(110, 35),(113, 3),(113, 48),(116, 59),(116, 90),(119, 12),(119, 14),(122, 42),(122, 47),(125, 7),(125, 85),(128, 36),(128, 72),(131, 1),(131, 30),(134, 26),(134, 55),(137, 1),(137, 64),(140, 37),(140, 61),(143, 7),(143, 14),(146, 53),(146, 59),(149, 40),(149, 70),(152, 21),(152, 27),(155, 57),(155, 68),(158, 46),(158, 51),(161, 21),(161, 28),(164, 25),(164, 39),(167, 18),(167, 59),(170, 2),(170, 20),(173, 44),(173, 56),(176, 71),(176, 91),(179, 11),(179, 17),(182, 45),(182, 49),(185, 70),(185, 75),(188, 8),(188, 83),(191, 41),(191, 55),(194, 6),(194, 28),(197, 21),(197, 53),(200, 32),(200, 39),(203, 13),(203, 20),(206, 69),(206, 79),(209, 30),(209, 85),(212, 16),(212, 80),(215, 34),(215, 63),(218, 6),(218, 84),(221, 27),(221, 79),(224, 12),(224, 70),(227, 61),(227, 71),(230, 1),(230, 31),(233, 11),(233, 59),(236, 21),(236, 89),(239, 27),(239, 65),(242, 35),(242, 50),(245, 19),(245, 50),(248, 16),(248, 71),(251, 26),(251, 59),(254, 5),(254, 52),(257, 13),(257, 75),(260, 47),(260, 76),(263, 22),(263, 50),(266, 51),(266, 87),(269, 55),(269, 39),(272, 5),(272, 14),(275, 23),(275, 31),(278, 3),(278, 49),(281, 50),(281, 56),(284, 27),(284, 88),(287, 49),(287, 67),(290, 48),(290, 73),(293, 27),(293, 58),(296, 51),(296, 88),(299, 47),(299, 70),(302, 33),(302, 48),(305, 47),(305, 72),(308, 33),(308, 37),(311, 6),(311, 74),(314, 4),(314, 18),(317, 25),(317, 29),(320, 28),(320, 51),(323, 16),(323, 31),(326, 29),(326, 37),(329, 50),(329, 73),(332, 5),(332, 53),(335, 18),(335, 27),(338, 12),(338, 49),(341, 10),(341, 54),(344, 46),(344, 50),(347, 38),(347, 48),(350, 50),(350, 62),(353, 58),(353, 76),(356, 38),(356, 52),(359, 41),(359, 52),(362, 27),(362, 59),(365, 16),(365, 69),(368, 48),(368, 61),(371, 25),(371, 50),(374, 36),(374, 53),(377, 44),(377, 51),(380, 47),(380, 81),(383, 52),(383, 84),(386, 53),(386, 80),(389, 15),(389, 51),(392, 4),(392, 60),(395, 13),(395, 52),(398, 9),(398, 52),(401, 8),(401, 16),(404, 19),(404, 53),(407, 4),(407, 91),(410, 37),(410, 84),(413, 4),(413, 38),(416, 42),(416, 54),(419, 13),(419, 49),(422, 22),(422, 55),(425, 24),(425, 51),(428, 18),(428, 52),(431, 29),(431, 49),(434, 16),(434, 26),(437, 15),(437, 47),(440, 51),(440, 80),(443, 47),(443, 87),(446, 4),(446, 67),(449, 45),(449, 53),(452, 10),(452, 49),(455, 13),(455, 53),(458, 17),(458, 52),(461, 18),(461, 55),(464, 4),(464, 26),(467, 41),(467, 54),(470, 54),(470, 57),(473, 54),(473, 58),(476, 24),(476, 48),(479, 23),(479, 80),(482, 45),(482, 56),(485, 4),(485, 33),(488, 18),(488, 47),(491, 4),(491, 69),(494, 20),(494, 27),(497, 16),(497, 81),(500, 1),(500, 82),(503, 22),(503, 70),(506, 65),(506, 75),(509, 76),(509, 83),(512, 45),(512, 64),(515, 54),(515, 63),(518, 56),(518, 87),(521, 11),(521, 32),(524, 9),(524, 29),(527, 9),(527, 89),(530, 3),(530, 23),(533, 1),(533, 59),(536, 17),(536, 85),(539, 44),(539, 48),(542, 5),(542, 15),(545, 55),(545, 89),(548, 24),(548, 39),(551, 24),(551, 28),(554, 9),(554, 58),(557, 81),(557, 82),(560, 5),(560, 77),(563, 57),(563, 88),(566, 22),(566, 39),(569, 15),(569, 34),(572, 8),(572, 67),(575, 49),(575, 62),(578, 70),(578, 89),(581, 13),(581, 84),(584, 8),(584, 76),(587, 26),(587, 80),(590, 15),(590, 78),(593, 42),(593, 48),(596, 21),(596, 36),(599, 14),(599, 60),(602, 86),(602, 91),(605, 3),(605, 90),(608, 74),(608, 80),(611, 8),(611, 64),(614, 8),(614, 82),(617, 58),(617, 75),(620, 8),(620, 74),(623, 7),(623, 81),(626, 12),(626, 40),(629, 12),(629, 83),(632, 15),(632, 65),(635, 30),(635, 46),(638, 19),(638, 35),(641, 62),(641, 79),(644, 17),(644, 87),(647, 67),(647, 89),(650, 18),(650, 91),(653, 2),(653, 81),(656, 24),(656, 65),(659, 11),(659, 78),(662, 11),(662, 71),(665, 15),(665, 83),(668, 10),(668, 36),(671, 3),(671, 86),(674, 2),(674, 45),(677, 19),(677, 42),(680, 36),(680, 45),(683, 69),(683, 76),(686, 17),(686, 72),(689, 19),(689, 85),(692, 2),(692, 43),(695, 30),(695, 77),(698, 12),(698, 79),(701, 2),(701, 41),(704, 54),(704, 74),(707, 10),(707, 56),(710, 8),(710, 30),(713, 63),(713, 82),(716, 28),(716, 74),(719, 40),(719, 88),(722, 33),(722, 39),(725, 57),(725, 85),(728, 58),(728, 90),(731, 68),(731, 81),(734, 5),(734, 66),(737, 68),(737, 80),(740, 25),(740, 62),(743, 71),(743, 86),(746, 11),(746, 38),(749, 30),(749, 61),(752, 33),(752, 91),(755, 55),(755, 77),(758, 44),(758, 62),(761, 40),(761, 77),(764, 24),(764, 90),(767, 35),(767, 46),(770, 29),(770, 63),(773, 40),(773, 65),(776, 81),(776, 84),(779, 43),(779, 77),(782, 3),(782, 34),(785, 63),(785, 78),(788, 68),(788, 91),(791, 39),(791, 73),(794, 30),(794, 42),(797, 46),(797, 72),(800, 34),(800, 72),(803, 36),(803, 67),(806, 35),(806, 90),(809, 66),(809, 86),(812, 40),(812, 90),(815, 26),(815, 77),(818, 2),(818, 78),(821, 31),(821, 82),(824, 21),(824, 39),(827, 12),(827, 37),(830, 20),(830, 32),(833, 25),(833, 71),(836, 31),(836, 84),(839, 43),(839, 69),(842, 63),(842, 75),(845, 6),(845, 22),(848, 61),(848, 76),(851, 46),(851, 65),(854, 57),(854, 83),(857, 16),(857, 29),(860, 11),(860, 64),(863, 63),(863, 83),(866, 3),(866, 61),(869, 67),(869, 85),(872, 5),(872, 43),(875, 25),(875, 67),(878, 34),(878, 73),(881, 35),(881, 83),(884, 20),(884, 43),(887, 42),(887, 69),(890, 33),(890, 66),(893, 37),(893, 90),(896, 31),(896, 42),(899, 60),(899, 84),(902, 20),(902, 38),(905, 63),(905, 86),(908, 12),(908, 74),(911, 19),(911, 43),(914, 71),(914, 85),(917, 57),(917, 82),(920, 9),(920, 14),(923, 25),(923, 89),(926, 58),(926, 86),(929, 23),(929, 73),(932, 21),(932, 73),(935, 31),(935, 75),(938, 22),(938, 41),(941, 34),(941, 91),(944, 45),(944, 78),(947, 1),(947, 83),(950, 33),(950, 72),(953, 2),(953, 87),(956, 23),(956, 35),(959, 22),(959, 28),(962, 28),(962, 70),(965, 29),(965, 82),(968, 78),(968, 84),(971, 31),(971, 37),(974, 6),(974, 23),(977, 43),(977, 62),(980, 7),(980, 66),(983, 23),(983, 78),(986, 44),(986, 65),(989, 41),(989, 66),(992, 29),(992, 88),(995, 3),(995, 66),(998, 17),(998, 91),(1001, 10),(1001, 38),(1004, 32),(1004, 38),(1007, 36),(1007, 66),(1010, 9),(1010, 22),(1013, 13),(1013, 64),(1016, 46),(1016, 80),(1019, 73),(1019, 79),(1022, 14),(1022, 44),(1025, 46),(1025, 69),(1028, 10),(1028, 68),(1031, 7),(1031, 69),(1034, 79),(1034, 88),(1037, 1),(1037, 79),(1040, 56),(1040, 77),(1043, 59),(1043, 64),(1046, 60),(1046, 74),(1049, 40),(1049, 86),(1052, 68),(1052, 87),(1055, 11),(1055, 62),(1058, 28),(1058, 87),(1061, 9),(1061, 23),(1064, 10),(1064, 41),(1067, 20),(1067, 64),(1070, 13),(1070, 61),(1073, 60),(1073, 65),(1076, 43),(1076, 75),(1079, 19),(1079, 60),(1082, 61),(1082, 77),(1085, 26),(1085, 67),(1088, 15),(1088, 88),(1091, 56),(1091, 86),(1094, 14),(1094, 78),(1097, 10),(1097, 72),(1100, 2),(1100, 44),(1103, 35),(1103, 58),(1106, 42),(1106, 57),(1109, 34),(1109, 71),(1112, 17),(1112, 90),(1115, 32),(1115, 68),(1118, 6),(1118, 20),(1121, 7),(1121, 68),(1124, 7),(1124, 24),(1127, 6),(1127, 38),(1130, 34),(1130, 45),(1133, 18),(1133, 75),(1136, 17),(1136, 64),(1139, 24),(1139, 70),(1142, 36),(1142, 60),(1145, 5),(1145, 25),(1148, 6),(1148, 72),(1151, 74),(1151, 81),(1154, 14),(1154, 73),(1157, 40),(1157, 85),(1160, 62),(1160, 76),(1163, 32),(1163, 87),(1166, 7),(1166, 82),(1169, 33),(1169, 79),(1172, 60),(1172, 89),(1175, 32),(1175, 89),(1178, 19),(1178, 88),(1181, 9),(1181, 41);
INSERT INTO games_scores (games_id, scores_id) VALUES (92, 93),(92, 94),(95, 96),(95, 97),(98, 99),(98, 100),(101, 102),(101, 103),(104, 105),(104, 106),(107, 108),(107, 109),(110, 111),(110, 112),(113, 114),(113, 115),(116, 117),(116, 118),(119, 120),(119, 121),(122, 123),(122, 124),(125, 126),(125, 127),(128, 129),(128, 130),(131, 132),(131, 133),(134, 135),(134, 136),(137, 138),(137, 139),(140, 141),(140, 142),(143, 144),(143, 145),(146, 147),(146, 148),(149, 150),(149, 151),(152, 153),(152, 154),(155, 156),(155, 157),(158, 159),(158, 160),(161, 162),(161, 163),(164, 165),(164, 166),(167, 168),(167, 169),(170, 171),(170, 172),(173, 174),(173, 175),(176, 177),(176, 178),(179, 180),(179, 181),(182, 183),(182, 184),(185, 186),(185, 187),(188, 189),(188, 190),(191, 192),(191, 193),(194, 195),(194, 196),(197, 198),(197, 199),(200, 201),(200, 202),(203, 204),(203, 205),(206, 207),(206, 208),(209, 210),(209, 211),(212, 213),(212, 214),(215, 216),(215, 217),(218, 219),(218, 220),(221, 222),(221, 223),(224, 225),(224, 226),(227, 228),(227, 229),(230, 231),(230, 232),(233, 234),(233, 235),(236, 237),(236, 238),(239, 240),(239, 241),(242, 243),(242, 244),(245, 246),(245, 247),(248, 249),(248, 250),(251, 252),(251, 253),(254, 255),(254, 256),(257, 258),(257, 259),(260, 261),(260, 262),(263, 264),(263, 265),(266, 267),(266, 268),(269, 270),(269, 271),(272, 273),(272, 274),(275, 276),(275, 277),(278, 279),(278, 280),(281, 282),(281, 283),(284, 285),(284, 286),(287, 288),(287, 289),(290, 291),(290, 292),(293, 294),(293, 295),(296, 297),(296, 298),(299, 300),(299, 301),(302, 303),(302, 304),(305, 306),(305, 307),(308, 309),(308, 310),(311, 312),(311, 313),(314, 315),(314, 316),(317, 318),(317, 319),(320, 321),(320, 322),(323, 324),(323, 325),(326, 327),(326, 328),(329, 330),(329, 331),(332, 333),(332, 334),(335, 336),(335, 337),(338, 339),(338, 340),(341, 342),(341, 343),(344, 345),(344, 346),(347, 348),(347, 349),(350, 351),(350, 352),(353, 354),(353, 355),(356, 357),(356, 358),(359, 360),(359, 361),(362, 363),(362, 364),(365, 366),(365, 367),(368, 369),(368, 370),(371, 372),(371, 373),(374, 375),(374, 376),(377, 378),(377, 379),(380, 381),(380, 382),(383, 384),(383, 385),(386, 387),(386, 388),(389, 390),(389, 391),(392, 393),(392, 394),(395, 396),(395, 397),(398, 399),(398, 400),(401, 402),(401, 403),(404, 405),(404, 406),(407, 408),(407, 409),(410, 411),(410, 412),(413, 414),(413, 415),(416, 417),(416, 418),(419, 420),(419, 421),(422, 423),(422, 424),(425, 426),(425, 427),(428, 429),(428, 430),(431, 432),(431, 433),(434, 435),(434, 436),(437, 438),(437, 439),(440, 441),(440, 442),(443, 444),(443, 445),(446, 447),(446, 448),(449, 450),(449, 451),(452, 453),(452, 454),(455, 456),(455, 457),(458, 459),(458, 460),(461, 462),(461, 463),(464, 465),(464, 466),(467, 468),(467, 469),(470, 471),(470, 472),(473, 474),(473, 475),(476, 477),(476, 478),(479, 480),(479, 481),(482, 483),(482, 484),(485, 486),(485, 487),(488, 489),(488, 490),(491, 492),(491, 493),(494, 495),(494, 496),(497, 498),(497, 499),(500, 501),(500, 502),(503, 504),(503, 505),(506, 507),(506, 508),(509, 510),(509, 511),(512, 513),(512, 514),(515, 516),(515, 517),(518, 519),(518, 520),(521, 522),(521, 523),(524, 525),(524, 526),(527, 528),(527, 529),(530, 531),(530, 532),(533, 534),(533, 535),(536, 537),(536, 538),(539, 540),(539, 541),(542, 543),(542, 544),(545, 546),(545, 547),(548, 549),(548, 550),(551, 552),(551, 553),(554, 555),(554, 556),(557, 558),(557, 559),(560, 561),(560, 562),(563, 564),(563, 565),(566, 567),(566, 568),(569, 570),(569, 571),(572, 573),(572, 574),(575, 576),(575, 577),(578, 579),(578, 580),(581, 582),(581, 583),(584, 585),(584, 586),(587, 588),(587, 589),(590, 591),(590, 592),(593, 594),(593, 595),(596, 597),(596, 598),(599, 600),(599, 601),(602, 603),(602, 604),(605, 606),(605, 607),(608, 609),(608, 610),(611, 612),(611, 613),(614, 615),(614, 616),(617, 618),(617, 619),(620, 621),(620, 622),(623, 624),(623, 625),(626, 627),(626, 628),(629, 630),(629, 631),(632, 633),(632, 634),(635, 636),(635, 637),(638, 639),(638, 640),(641, 642),(641, 643),(644, 645),(644, 646),(647, 648),(647, 649),(650, 651),(650, 652),(653, 654),(653, 655),(656, 657),(656, 658),(659, 660),(659, 661),(662, 663),(662, 664),(665, 666),(665, 667),(668, 669),(668, 670),(671, 672),(671, 673),(674, 675),(674, 676),(677, 678),(677, 679),(680, 681),(680, 682),(683, 684),(683, 685),(686, 687),(686, 688),(689, 690),(689, 691),(692, 693),(692, 694),(695, 696),(695, 697),(698, 699),(698, 700),(701, 702),(701, 703),(704, 705),(704, 706),(707, 708),(707, 709),(710, 711),(710, 712),(713, 714),(713, 715),(716, 717),(716, 718),(719, 720),(719, 721),(722, 723),(722, 724),(725, 726),(725, 727),(728, 729),(728, 730),(731, 732),(731, 733),(734, 735),(734, 736),(737, 738),(737, 739),(740, 741),(740, 742),(743, 744),(743, 745),(746, 747),(746, 748),(749, 750),(749, 751),(752, 753),(752, 754),(755, 756),(755, 757),(758, 759),(758, 760),(761, 762),(761, 763),(764, 765),(764, 766),(767, 768),(767, 769),(770, 771),(770, 772),(773, 774),(773, 775),(776, 777),(776, 778),(779, 780),(779, 781),(782, 783),(782, 784),(785, 786),(785, 787),(788, 789),(788, 790),(791, 792),(791, 793),(794, 795),(794, 796),(797, 798),(797, 799),(800, 801),(800, 802),(803, 804),(803, 805),(806, 807),(806, 808),(809, 810),(809, 811),(812, 813),(812, 814),(815, 816),(815, 817),(818, 819),(818, 820),(821, 822),(821, 823),(824, 825),(824, 826),(827, 828),(827, 829),(830, 831),(830, 832),(833, 834),(833, 835),(836, 837),(836, 838),(839, 840),(839, 841),(842, 843),(842, 844),(845, 846),(845, 847),(848, 849),(848, 850),(851, 852),(851, 853),(854, 855),(854, 856),(857, 858),(857, 859),(860, 861),(860, 862),(863, 864),(863, 865),(866, 867),(866, 868),(869, 870),(869, 871),(872, 873),(872, 874),(875, 876),(875, 877),(878, 879),(878, 880),(881, 882),(881, 883),(884, 885),(884, 886),(887, 888),(887, 889),(890, 891),(890, 892),(893, 894),(893, 895),(896, 897),(896, 898),(899, 900),(899, 901),(902, 903),(902, 904),(905, 906),(905, 907),(908, 909),(908, 910),(911, 912),(911, 913),(914, 915),(914, 916),(917, 918),(917, 919),(920, 921),(920, 922),(923, 924),(923, 925),(926, 927),(926, 928),(929, 930),(929, 931),(932, 933),(932, 934),(935, 936),(935, 937),(938, 939),(938, 940),(941, 942),(941, 943),(944, 945),(944, 946),(947, 948),(947, 949),(950, 951),(950, 952),(953, 954),(953, 955),(956, 957),(956, 958),(959, 960),(959, 961),(962, 963),(962, 964),(965, 966),(965, 967),(968, 969),(968, 970),(971, 972),(971, 973),(974, 975),(974, 976),(977, 978),(977, 979),(980, 981),(980, 982),(983, 984),(983, 985),(986, 987),(986, 988),(989, 990),(989, 991),(992, 993),(992, 994),(995, 996),(995, 997),(998, 999),(998, 1000),(1001, 1002),(1001, 1003),(1004, 1005),(1004, 1006),(1007, 1008),(1007, 1009),(1010, 1011),(1010, 1012),(1013, 1014),(1013, 1015),(1016, 1017),(1016, 1018),(1019, 1020),(1019, 1021),(1022, 1023),(1022, 1024),(1025, 1026),(1025, 1027),(1028, 1029),(1028, 1030),(1031, 1032),(1031, 1033),(1034, 1035),(1034, 1036),(1037, 1038),(1037, 1039),(1040, 1041),(1040, 1042),(1043, 1044),(1043, 1045),(1046, 1047),(1046, 1048),(1049, 1050),(1049, 1051),(1052, 1053),(1052, 1054),(1055, 1056),(1055, 1057),(1058, 1059),(1058, 1060),(1061, 1062),(1061, 1063),(1064, 1065),(1064, 1066),(1067, 1068),(1067, 1069),(1070, 1071),(1070, 1072),(1073, 1074),(1073, 1075),(1076, 1077),(1076, 1078),(1079, 1080),(1079, 1081),(1082, 1083),(1082, 1084),(1085, 1086),(1085, 1087),(1088, 1089),(1088, 1090),(1091, 1092),(1091, 1093),(1094, 1095),(1094, 1096),(1097, 1098),(1097, 1099),(1100, 1101),(1100, 1102),(1103, 1104),(1103, 1105),(1106, 1107),(1106, 1108),(1109, 1110),(1109, 1111),(1112, 1113),(1112, 1114),(1115, 1116),(1115, 1117),(1118, 1119),(1118, 1120),(1121, 1122),(1121, 1123),(1124, 1125),(1124, 1126),(1127, 1128),(1127, 1129),(1130, 1131),(1130, 1132),(1133, 1134),(1133, 1135),(1136, 1137),(1136, 1138),(1139, 1140),(1139, 1141),(1142, 1143),(1142, 1144),(1145, 1146),(1145, 1147),(1148, 1149),(1148, 1150),(1151, 1152),(1151, 1153),(1154, 1155),(1154, 1156),(1157, 1158),(1157, 1159),(1160, 1161),(1160, 1162),(1163, 1164),(1163, 1165),(1166, 1167),(1166, 1168),(1169, 1170),(1169, 1171),(1172, 1173),(1172, 1174),(1175, 1176),(1175, 1177),(1178, 1179),(1178, 1180),(1181, 1182),(1181, 1183);
